{
  "seed": 42,
  "variable_sizes": [
    2,
    2,
    2,
    2,
    2,
    2,
    2,
    2,
    2,
    2
  ],
  "class_probs": [
    0.5,
    0.5
  ],
  "variable_probs": [
    [
      [
        0.6967442631721497,
        0.30325570702552795
      ],
      [
        0.7207732200622559,
        0.27922680974006653
      ]
    ],
    [
      [
        0.07635439187288284,
        0.923645555973053
      ],
      [
        0.8615030646324158,
        0.13849690556526184
      ]
    ],
    [
      [
        0.2694249451160431,
        0.7305750250816345
      ],
      [
        0.7642582654953003,
        0.2357417196035385
      ]
    ],
    [
      [
        0.5338785648345947,
        0.4661214351654053
      ],
      [
        0.6356648206710815,
        0.36433514952659607
      ]
    ],
    [
      [
        0.6984950304031372,
        0.3015049993991852
      ],
      [
        0.6817676424980164,
        0.3182324171066284
      ]
    ],
    [
      [
        0.7668436169624329,
        0.23315639793872833
      ],
      [
        0.7066971063613892,
        0.29330289363861084
      ]
    ],
    [
      [
        0.606630802154541,
        0.3933691680431366
      ],
      [
        0.8580000400543213,
        0.14199991524219513
      ]
    ],
    [
      [
        0.4617043435573578,
        0.5382956862449646
      ],
      [
        0.34670644998550415,
        0.6532935500144958
      ]
    ],
    [
      [
        0.24705131351947784,
        0.7529487013816833
      ],
      [
        0.7471537590026855,
        0.25284627079963684
      ]
    ]
  ]
}