{
  "seed": 42,
  "variable_sizes": [
    2,
    2,
    2,
    2
  ],
  "class_probs": [
    0.5,
    0.5
  ],
  "variable_probs": [
    [
      [
        0.4208909571170807,
        0.5791090130805969
      ],
      [
        0.6525318622589111,
        0.34746816754341125
      ]
    ],
    [
      [
        0.20411396026611328,
        0.7958860397338867
      ],
      [
        0.11093343049287796,
        0.8890665769577026
      ]
    ],
    [
      [
        0.9423357844352722,
        0.05766424909234047
      ],
      [
        0.1952025294303894,
        0.8047975301742554
      ]
    ]
  ]
}